"OTU_ID","sseqid","pident","length","mismatch","gapopen","qstart","qend","sstart","send","evalue","bitscore","stitle","kingdom","phylum","class","order","family","genus","species"
"d0f29ec012ebd1745fd280f670af0ebf","Asterochloris_phycobiontica|AM900490|SH1097251.10FU|refs|k__Viridiplantae;p__Chlorophyta;c__Trebouxiophyceae;o__Trebouxiales;f__Trebouxiaceae;g__Asterochloris;s__Asterochloris_phycobiontica",100,281,0,0,2,282,257,537,2.55e-115,415,"Asterochloris_phycobiontica|AM900490|SH1097251.10FU|refs|k__Viridiplantae;p__Chlorophyta;c__Trebouxiophyceae;o__Trebouxiales;f__Trebouxiaceae;g__Asterochloris;s__Asterochloris_phycobiontica","Viridiplantae","Chlorophyta","Trebouxiophyceae","Trebouxiales","Trebouxiaceae","Asterochloris","Asterochloris phycobiontica"
"d0f29ec012ebd1745fd280f670af0ebf","Trebouxiaceae_sp|MW043611|SH1097266.10FU|reps|k__Viridiplantae;p__Chlorophyta;c__Trebouxiophyceae;o__Trebouxiales;f__Trebouxiaceae;g__Trebouxiaceae_gen_Incertae_sedis;s__Trebouxiaceae_sp",98.12,266,5,0,2,267,231,496,3.03e-104,378,"Trebouxiaceae_sp|MW043611|SH1097266.10FU|reps|k__Viridiplantae;p__Chlorophyta;c__Trebouxiophyceae;o__Trebouxiales;f__Trebouxiaceae;g__Trebouxiaceae_gen_Incertae_sedis;s__Trebouxiaceae_sp","Viridiplantae","Chlorophyta","Trebouxiophyceae","Trebouxiales","Trebouxiaceae","Unclassified","Unclassified"
"d0f29ec012ebd1745fd280f670af0ebf","Asterochloris_sp|MW043655|SH1097272.10FU|reps|k__Viridiplantae;p__Chlorophyta;c__Trebouxiophyceae;o__Trebouxiales;f__Trebouxiaceae;g__Asterochloris;s__Asterochloris_sp",97.761,268,4,2,2,267,231,498,1.79e-102,373,"Asterochloris_sp|MW043655|SH1097272.10FU|reps|k__Viridiplantae;p__Chlorophyta;c__Trebouxiophyceae;o__Trebouxiales;f__Trebouxiaceae;g__Asterochloris;s__Asterochloris_sp","Viridiplantae","Chlorophyta","Trebouxiophyceae","Trebouxiales","Trebouxiaceae","Asterochloris","Unclassified"
"d0f29ec012ebd1745fd280f670af0ebf","Asterochloris_sp|HE803031|SH1097249.10FU|reps|k__Viridiplantae;p__Chlorophyta;c__Trebouxiophyceae;o__Trebouxiales;f__Trebouxiaceae;g__Asterochloris;s__Asterochloris_sp",97.398,269,5,1,2,268,255,523,1.79e-102,373,"Asterochloris_sp|HE803031|SH1097249.10FU|reps|k__Viridiplantae;p__Chlorophyta;c__Trebouxiophyceae;o__Trebouxiales;f__Trebouxiaceae;g__Asterochloris;s__Asterochloris_sp","Viridiplantae","Chlorophyta","Trebouxiophyceae","Trebouxiales","Trebouxiaceae","Asterochloris","Unclassified"
"d0f29ec012ebd1745fd280f670af0ebf","Asterochloris_sp|UDB01448717|SH1097260.10FU|reps|k__Viridiplantae;p__Chlorophyta;c__Trebouxiophyceae;o__Trebouxiales;f__Trebouxiaceae;g__Asterochloris;s__Asterochloris_sp",97.761,268,3,2,2,266,288,555,4.97e-102,371,"Asterochloris_sp|UDB01448717|SH1097260.10FU|reps|k__Viridiplantae;p__Chlorophyta;c__Trebouxiophyceae;o__Trebouxiales;f__Trebouxiaceae;g__Asterochloris;s__Asterochloris_sp","Viridiplantae","Chlorophyta","Trebouxiophyceae","Trebouxiales","Trebouxiaceae","Asterochloris","Unclassified"
"d0f29ec012ebd1745fd280f670af0ebf","Asterochloris_sp|MH415438|SH1097264.10FU|reps|k__Viridiplantae;p__Chlorophyta;c__Trebouxiophyceae;o__Trebouxiales;f__Trebouxiaceae;g__Asterochloris;s__Asterochloris_sp",97.744,266,4,2,2,267,290,553,1.38e-101,370,"Asterochloris_sp|MH415438|SH1097264.10FU|reps|k__Viridiplantae;p__Chlorophyta;c__Trebouxiophyceae;o__Trebouxiales;f__Trebouxiaceae;g__Asterochloris;s__Asterochloris_sp","Viridiplantae","Chlorophyta","Trebouxiophyceae","Trebouxiales","Trebouxiaceae","Asterochloris","Unclassified"
"d0f29ec012ebd1745fd280f670af0ebf","Trebouxiaceae_sp|FJ756792|SH1097256.10FU|reps|k__Viridiplantae;p__Chlorophyta;c__Trebouxiophyceae;o__Trebouxiales;f__Trebouxiaceae;g__Trebouxiaceae_gen_Incertae_sedis;s__Trebouxiaceae_sp",96.642,268,8,1,2,268,286,553,1.06e-100,367,"Trebouxiaceae_sp|FJ756792|SH1097256.10FU|reps|k__Viridiplantae;p__Chlorophyta;c__Trebouxiophyceae;o__Trebouxiales;f__Trebouxiaceae;g__Trebouxiaceae_gen_Incertae_sedis;s__Trebouxiaceae_sp","Viridiplantae","Chlorophyta","Trebouxiophyceae","Trebouxiales","Trebouxiaceae","Unclassified","Unclassified"
"d0f29ec012ebd1745fd280f670af0ebf","Asterochloris_sp|HE803037|SH1097267.10FU|reps|k__Viridiplantae;p__Chlorophyta;c__Trebouxiophyceae;o__Trebouxiales;f__Trebouxiaceae;g__Asterochloris;s__Asterochloris_sp",96.629,267,8,1,2,268,257,522,2.94e-100,365,"Asterochloris_sp|HE803037|SH1097267.10FU|reps|k__Viridiplantae;p__Chlorophyta;c__Trebouxiophyceae;o__Trebouxiales;f__Trebouxiaceae;g__Asterochloris;s__Asterochloris_sp","Viridiplantae","Chlorophyta","Trebouxiophyceae","Trebouxiales","Trebouxiaceae","Asterochloris","Unclassified"
"d0f29ec012ebd1745fd280f670af0ebf","Asterochloris_sp|OL625312|SH1097259.10FU|reps|k__Viridiplantae;p__Chlorophyta;c__Trebouxiophyceae;o__Trebouxiales;f__Trebouxiaceae;g__Asterochloris;s__Asterochloris_sp",95.539,269,7,4,2,267,289,555,2.19e-95,349,"Asterochloris_sp|OL625312|SH1097259.10FU|reps|k__Viridiplantae;p__Chlorophyta;c__Trebouxiophyceae;o__Trebouxiales;f__Trebouxiaceae;g__Asterochloris;s__Asterochloris_sp","Viridiplantae","Chlorophyta","Trebouxiophyceae","Trebouxiales","Trebouxiaceae","Asterochloris","Unclassified"
"d0f29ec012ebd1745fd280f670af0ebf","Asterochloris_sp|OL621035|SH1097245.10FU|reps|k__Viridiplantae;p__Chlorophyta;c__Trebouxiophyceae;o__Trebouxiales;f__Trebouxiaceae;g__Asterochloris;s__Asterochloris_sp",96.787,249,8,0,2,250,250,498,4.68e-94,345,"Asterochloris_sp|OL621035|SH1097245.10FU|reps|k__Viridiplantae;p__Chlorophyta;c__Trebouxiophyceae;o__Trebouxiales;f__Trebouxiaceae;g__Asterochloris;s__Asterochloris_sp","Viridiplantae","Chlorophyta","Trebouxiophyceae","Trebouxiales","Trebouxiaceae","Asterochloris","Unclassified"
"7526d2c3880858ace1465cc46cbfd3b8","Apiospora_septata|MW481711|SH1456064.10FU|refs|k__Fungi;p__Ascomycota;c__Sordariomycetes;o__Amphisphaeriales;f__Apiosporaceae;g__Apiospora;s__Apiospora_septata",98.168,273,5,0,1,273,358,630,2.01e-107,389,"Apiospora_septata|MW481711|SH1456064.10FU|refs|k__Fungi;p__Ascomycota;c__Sordariomycetes;o__Amphisphaeriales;f__Apiosporaceae;g__Apiospora;s__Apiospora_septata","Fungi","Ascomycota","Sordariomycetes","Amphisphaeriales","Apiosporaceae","Apiospora","Apiospora septata"
"7526d2c3880858ace1465cc46cbfd3b8","Apiospora_qinlingensis|MH197120|SH1059835.10FU|refs|k__Fungi;p__Ascomycota;c__Sordariomycetes;o__Amphisphaeriales;f__Apiosporaceae;g__Apiospora;s__Apiospora_qinlingensis",96.296,270,9,1,1,270,302,570,8.88e-101,367,"Apiospora_qinlingensis|MH197120|SH1059835.10FU|refs|k__Fungi;p__Ascomycota;c__Sordariomycetes;o__Amphisphaeriales;f__Apiosporaceae;g__Apiospora;s__Apiospora_qinlingensis","Fungi","Ascomycota","Sordariomycetes","Amphisphaeriales","Apiosporaceae","Apiospora","Apiospora qinlingensis"
"7526d2c3880858ace1465cc46cbfd3b8","Apiospora_neochinensis|MK819291|SH1059816.10FU|refs|k__Fungi;p__Ascomycota;c__Sordariomycetes;o__Amphisphaeriales;f__Apiosporaceae;g__Apiospora;s__Apiospora_neochinensis",95.185,270,13,0,1,270,320,589,5.25e-99,361,"Apiospora_neochinensis|MK819291|SH1059816.10FU|refs|k__Fungi;p__Ascomycota;c__Sordariomycetes;o__Amphisphaeriales;f__Apiosporaceae;g__Apiospora;s__Apiospora_neochinensis","Fungi","Ascomycota","Sordariomycetes","Amphisphaeriales","Apiosporaceae","Apiospora","Apiospora neochinensis"
"7526d2c3880858ace1465cc46cbfd3b8","Arthrinium_fermenti|MF615226|SH1456015.10FU|refs|k__Fungi;p__Ascomycota;c__Sordariomycetes;o__Amphisphaeriales;f__Apiosporaceae;g__Arthrinium;s__Arthrinium_fermenti",98.785,247,3,0,1,247,330,576,1.12e-97,356,"Arthrinium_fermenti|MF615226|SH1456015.10FU|refs|k__Fungi;p__Ascomycota;c__Sordariomycetes;o__Amphisphaeriales;f__Apiosporaceae;g__Arthrinium;s__Arthrinium_fermenti","Fungi","Ascomycota","Sordariomycetes","Amphisphaeriales","Apiosporaceae","Arthrinium","Arthrinium fermenti"
"7526d2c3880858ace1465cc46cbfd3b8","Apiospora_jiangxiensis|KY494693|SH1059781.10FU|refs|k__Fungi;p__Ascomycota;c__Sordariomycetes;o__Amphisphaeriales;f__Apiosporaceae;g__Apiospora;s__Apiospora_jiangxiensis",99.177,243,2,0,1,243,299,541,8.62e-97,353,"Apiospora_jiangxiensis|KY494693|SH1059781.10FU|refs|k__Fungi;p__Ascomycota;c__Sordariomycetes;o__Amphisphaeriales;f__Apiosporaceae;g__Apiospora;s__Apiospora_jiangxiensis","Fungi","Ascomycota","Sordariomycetes","Amphisphaeriales","Apiosporaceae","Apiospora","Apiospora jiangxiensis"
"7526d2c3880858ace1465cc46cbfd3b8","Apiospora_pseudorasikravindrae|MT946344|SH1059772.10FU|refs|k__Fungi;p__Ascomycota;c__Sordariomycetes;o__Amphisphaeriales;f__Apiosporaceae;g__Apiospora;s__Apiospora_pseudorasikravindrae",92.727,275,20,0,1,275,359,633,5.1e-95,348,"Apiospora_pseudorasikravindrae|MT946344|SH1059772.10FU|refs|k__Fungi;p__Ascomycota;c__Sordariomycetes;o__Amphisphaeriales;f__Apiosporaceae;g__Apiospora;s__Apiospora_pseudorasikravindrae","Fungi","Ascomycota","Sordariomycetes","Amphisphaeriales","Apiosporaceae","Apiospora","Apiospora pseudorasikravindrae"
"7526d2c3880858ace1465cc46cbfd3b8","Apiospora_guiyangensis|MW240647|SH1455982.10FU|refs|k__Fungi;p__Ascomycota;c__Sordariomycetes;o__Amphisphaeriales;f__Apiosporaceae;g__Apiospora;s__Apiospora_guiyangensis",99.552,223,1,0,1,223,296,518,8.11e-89,327,"Apiospora_guiyangensis|MW240647|SH1455982.10FU|refs|k__Fungi;p__Ascomycota;c__Sordariomycetes;o__Amphisphaeriales;f__Apiosporaceae;g__Apiospora;s__Apiospora_guiyangensis","Fungi","Ascomycota","Sordariomycetes","Amphisphaeriales","Apiosporaceae","Apiospora","Apiospora guiyangensis"
"7526d2c3880858ace1465cc46cbfd3b8","Apiospora_sp|OR125565|SH1059899.10FU|reps|k__Fungi;p__Ascomycota;c__Sordariomycetes;o__Amphisphaeriales;f__Apiosporaceae;g__Apiospora;s__Apiospora_sp",99.107,224,2,0,1,224,295,518,2.25e-88,325,"Apiospora_sp|OR125565|SH1059899.10FU|reps|k__Fungi;p__Ascomycota;c__Sordariomycetes;o__Amphisphaeriales;f__Apiosporaceae;g__Apiospora;s__Apiospora_sp","Fungi","Ascomycota","Sordariomycetes","Amphisphaeriales","Apiosporaceae","Apiospora","Unclassified"
"7526d2c3880858ace1465cc46cbfd3b8","Apiospora_serenensis|AB220250|SH1456187.10FU|refs|k__Fungi;p__Ascomycota;c__Sordariomycetes;o__Amphisphaeriales;f__Apiosporaceae;g__Apiospora;s__Apiospora_serenensis",99.103,223,2,0,1,223,300,522,6.24e-88,324,"Apiospora_serenensis|AB220250|SH1456187.10FU|refs|k__Fungi;p__Ascomycota;c__Sordariomycetes;o__Amphisphaeriales;f__Apiosporaceae;g__Apiospora;s__Apiospora_serenensis","Fungi","Ascomycota","Sordariomycetes","Amphisphaeriales","Apiosporaceae","Apiospora","Apiospora serenensis"
"7526d2c3880858ace1465cc46cbfd3b8","Arthrinium_arctoscopi|MH498529|SH1456001.10FU|refs|k__Fungi;p__Ascomycota;c__Sordariomycetes;o__Amphisphaeriales;f__Apiosporaceae;g__Arthrinium;s__Arthrinium_arctoscopi",99.103,223,2,0,1,223,280,502,6.24e-88,324,"Arthrinium_arctoscopi|MH498529|SH1456001.10FU|refs|k__Fungi;p__Ascomycota;c__Sordariomycetes;o__Amphisphaeriales;f__Apiosporaceae;g__Arthrinium;s__Arthrinium_arctoscopi","Fungi","Ascomycota","Sordariomycetes","Amphisphaeriales","Apiosporaceae","Arthrinium","Arthrinium arctoscopi"
"32fc01b9c7d792aa5dcd67b7fa12df2c","Mortierella_sp|UDB0320695|SH1406248.10FU|reps|k__Fungi;p__Mortierellomycota;c__Mortierellomycetes;o__Mortierellales;f__Mortierellaceae;g__Mortierella;s__Mortierella_sp",98.653,297,4,0,1,297,250,546,8.16e-119,427,"Mortierella_sp|UDB0320695|SH1406248.10FU|reps|k__Fungi;p__Mortierellomycota;c__Mortierellomycetes;o__Mortierellales;f__Mortierellaceae;g__Mortierella;s__Mortierella_sp","Fungi","Mortierellomycota","Mortierellomycetes","Mortierellales","Mortierellaceae","Mortierella","Unclassified"
"32fc01b9c7d792aa5dcd67b7fa12df2c","Mortierella_sp|UDB081914|SH1406238.10FU|reps|k__Fungi;p__Mortierellomycota;c__Mortierellomycetes;o__Mortierellales;f__Mortierellaceae;g__Mortierella;s__Mortierella_sp",98.316,297,4,1,1,297,250,545,4.82e-117,421,"Mortierella_sp|UDB081914|SH1406238.10FU|reps|k__Fungi;p__Mortierellomycota;c__Mortierellomycetes;o__Mortierellales;f__Mortierellaceae;g__Mortierella;s__Mortierella_sp","Fungi","Mortierellomycota","Mortierellomycetes","Mortierellales","Mortierellaceae","Mortierella","Unclassified"
"32fc01b9c7d792aa5dcd67b7fa12df2c","Mortierella_sp|UDB057899|SH1406239.10FU|reps|k__Fungi;p__Mortierellomycota;c__Mortierellomycetes;o__Mortierellales;f__Mortierellaceae;g__Mortierella;s__Mortierella_sp",97.324,299,6,2,1,297,246,544,2.19e-114,412,"Mortierella_sp|UDB057899|SH1406239.10FU|reps|k__Fungi;p__Mortierellomycota;c__Mortierellomycetes;o__Mortierellales;f__Mortierellaceae;g__Mortierella;s__Mortierella_sp","Fungi","Mortierellomycota","Mortierellomycetes","Mortierellales","Mortierellaceae","Mortierella","Unclassified"
"32fc01b9c7d792aa5dcd67b7fa12df2c","Mortierella_sp|UDB0310484|SH1406273.10FU|reps|k__Fungi;p__Mortierellomycota;c__Mortierellomycetes;o__Mortierellales;f__Mortierellaceae;g__Mortierella;s__Mortierella_sp",97,300,6,3,1,298,251,549,4.68e-113,408,"Mortierella_sp|UDB0310484|SH1406273.10FU|reps|k__Fungi;p__Mortierellomycota;c__Mortierellomycetes;o__Mortierellales;f__Mortierellaceae;g__Mortierella;s__Mortierella_sp","Fungi","Mortierellomycota","Mortierellomycetes","Mortierellales","Mortierellaceae","Mortierella","Unclassified"
"32fc01b9c7d792aa5dcd67b7fa12df2c","Mortierella_sp|JN655644|SH1406271.10FU|reps|k__Fungi;p__Mortierellomycota;c__Mortierellomycetes;o__Mortierellales;f__Mortierellaceae;g__Mortierella;s__Mortierella_sp",96.333,300,9,2,1,298,222,521,3.6e-112,405,"Mortierella_sp|JN655644|SH1406271.10FU|reps|k__Fungi;p__Mortierellomycota;c__Mortierellomycetes;o__Mortierellales;f__Mortierellaceae;g__Mortierella;s__Mortierella_sp","Fungi","Mortierellomycota","Mortierellomycetes","Mortierellales","Mortierellaceae","Mortierella","Unclassified"
"32fc01b9c7d792aa5dcd67b7fa12df2c","Mortierella_sp|UDB04568624|SH1406292.10FU|reps|k__Fungi;p__Mortierellomycota;c__Mortierellomycetes;o__Mortierellales;f__Mortierellaceae;g__Mortierella;s__Mortierella_sp",96.321,299,9,2,1,297,247,545,9.98e-112,403,"Mortierella_sp|UDB04568624|SH1406292.10FU|reps|k__Fungi;p__Mortierellomycota;c__Mortierellomycetes;o__Mortierellales;f__Mortierellaceae;g__Mortierella;s__Mortierella_sp","Fungi","Mortierellomycota","Mortierellomycetes","Mortierellales","Mortierellaceae","Mortierella","Unclassified"
"32fc01b9c7d792aa5dcd67b7fa12df2c","Mortierella_sp|UDB0164880|SH1406308.10FU|reps|k__Fungi;p__Mortierellomycota;c__Mortierellomycetes;o__Mortierellales;f__Mortierellaceae;g__Mortierella;s__Mortierella_sp",96,300,9,2,1,297,250,549,7.68e-111,401,"Mortierella_sp|UDB0164880|SH1406308.10FU|reps|k__Fungi;p__Mortierellomycota;c__Mortierellomycetes;o__Mortierellales;f__Mortierellaceae;g__Mortierella;s__Mortierella_sp","Fungi","Mortierellomycota","Mortierellomycetes","Mortierellales","Mortierellaceae","Mortierella","Unclassified"
"32fc01b9c7d792aa5dcd67b7fa12df2c","Mortierella_sp|UDB04759419|SH1406233.10FU|reps|k__Fungi;p__Mortierellomycota;c__Mortierellomycetes;o__Mortierellales;f__Mortierellaceae;g__Mortierella;s__Mortierella_sp",95.987,299,10,2,1,297,252,550,7.68e-111,401,"Mortierella_sp|UDB04759419|SH1406233.10FU|reps|k__Fungi;p__Mortierellomycota;c__Mortierellomycetes;o__Mortierellales;f__Mortierellaceae;g__Mortierella;s__Mortierella_sp","Fungi","Mortierellomycota","Mortierellomycetes","Mortierellales","Mortierellaceae","Mortierella","Unclassified"
"32fc01b9c7d792aa5dcd67b7fa12df2c","Fungi_sp|KP889433|SH0192886.10FU|reps_singleton|k__Fungi;p__Fungi_phy_Incertae_sedis;c__Fungi_cls_Incertae_sedis;o__Fungi_ord_Incertae_sedis;f__Fungi_fam_Incertae_sedis;g__Fungi_gen_Incertae_sedis;s__Fungi_sp",95.364,302,9,5,1,298,256,556,9.68e-108,390,"Fungi_sp|KP889433|SH0192886.10FU|reps_singleton|k__Fungi;p__Fungi_phy_Incertae_sedis;c__Fungi_cls_Incertae_sedis;o__Fungi_ord_Incertae_sedis;f__Fungi_fam_Incertae_sedis;g__Fungi_gen_Incertae_sedis;s__Fungi_sp","Fungi","Unclassified","Unclassified","Unclassified","Unclassified","Unclassified","Unclassified"
"32fc01b9c7d792aa5dcd67b7fa12df2c","Mortierella_sp|UDB04822924|SH0192855.10FU|reps_singleton|k__Fungi;p__Mortierellomycota;c__Mortierellomycetes;o__Mortierellales;f__Mortierellaceae;g__Mortierella;s__Mortierella_sp",95,300,12,3,1,297,252,551,9.68e-108,390,"Mortierella_sp|UDB04822924|SH0192855.10FU|reps_singleton|k__Fungi;p__Mortierellomycota;c__Mortierellomycetes;o__Mortierellales;f__Mortierellaceae;g__Mortierella;s__Mortierella_sp","Fungi","Mortierellomycota","Mortierellomycetes","Mortierellales","Mortierellaceae","Mortierella","Unclassified"
"4511c6ae6420214d3233a449573b4eed","Eukaryota_sp|UDB0756533|SH0168696.10FU|reps_singleton|k__Eukaryota_kgd_Incertae_sedis;p__Eukaryota_phy_Incertae_sedis;c__Eukaryota_cls_Incertae_sedis;o__Eukaryota_ord_Incertae_sedis;f__Eukaryota_fam_Incertae_sedis;g__Eukaryota_gen_Incertae_sedis;s__Eukaryota_sp",100,301,0,0,1,301,251,551,3.98e-124,445,"Eukaryota_sp|UDB0756533|SH0168696.10FU|reps_singleton|k__Eukaryota_kgd_Incertae_sedis;p__Eukaryota_phy_Incertae_sedis;c__Eukaryota_cls_Incertae_sedis;o__Eukaryota_ord_Incertae_sedis;f__Eukaryota_fam_Incertae_sedis;g__Eukaryota_gen_Incertae_sedis;s__Eukaryota_sp","Unclassified","Unclassified","Unclassified","Unclassified","Unclassified","Unclassified","Unclassified"
"4511c6ae6420214d3233a449573b4eed","Betamyces_sp|UDB01509831|SH1360314.10FU|reps|k__Fungi;p__Chytridiomycota;c__Rhizophydiomycetes;o__Rhizophydiales;f__Alphamycetaceae;g__Betamyces;s__Betamyces_sp",95,300,15,0,1,300,245,544,2.15e-110,399,"Betamyces_sp|UDB01509831|SH1360314.10FU|reps|k__Fungi;p__Chytridiomycota;c__Rhizophydiomycetes;o__Rhizophydiales;f__Alphamycetaceae;g__Betamyces;s__Betamyces_sp","Fungi","Chytridiomycota","Rhizophydiomycetes","Rhizophydiales","Alphamycetaceae","Betamyces","Unclassified"
"4511c6ae6420214d3233a449573b4eed","Betamyces_sp|UDB088433|SH1360310.10FU|reps|k__Fungi;p__Chytridiomycota;c__Rhizophydiomycetes;o__Rhizophydiales;f__Alphamycetaceae;g__Betamyces;s__Betamyces_sp",95.017,301,13,2,1,300,245,544,4.59e-109,395,"Betamyces_sp|UDB088433|SH1360310.10FU|reps|k__Fungi;p__Chytridiomycota;c__Rhizophydiomycetes;o__Rhizophydiales;f__Alphamycetaceae;g__Betamyces;s__Betamyces_sp","Fungi","Chytridiomycota","Rhizophydiomycetes","Rhizophydiales","Alphamycetaceae","Betamyces","Unclassified"
"4511c6ae6420214d3233a449573b4eed","Betamyces_sp|UDB01509637|SH1360324.10FU|reps|k__Fungi;p__Chytridiomycota;c__Rhizophydiomycetes;o__Rhizophydiales;f__Alphamycetaceae;g__Betamyces;s__Betamyces_sp",94.649,299,15,1,1,299,245,542,3.53e-108,392,"Betamyces_sp|UDB01509637|SH1360324.10FU|reps|k__Fungi;p__Chytridiomycota;c__Rhizophydiomycetes;o__Rhizophydiales;f__Alphamycetaceae;g__Betamyces;s__Betamyces_sp","Fungi","Chytridiomycota","Rhizophydiomycetes","Rhizophydiales","Alphamycetaceae","Betamyces","Unclassified"
"4511c6ae6420214d3233a449573b4eed","Betamyces_sp|UDB01509802|SH1360308.10FU|reps|k__Fungi;p__Chytridiomycota;c__Rhizophydiomycetes;o__Rhizophydiales;f__Alphamycetaceae;g__Betamyces;s__Betamyces_sp",94.684,301,14,2,1,300,245,544,3.53e-108,392,"Betamyces_sp|UDB01509802|SH1360308.10FU|reps|k__Fungi;p__Chytridiomycota;c__Rhizophydiomycetes;o__Rhizophydiales;f__Alphamycetaceae;g__Betamyces;s__Betamyces_sp","Fungi","Chytridiomycota","Rhizophydiomycetes","Rhizophydiales","Alphamycetaceae","Betamyces","Unclassified"
"4511c6ae6420214d3233a449573b4eed","Eukaryota_sp|UDB041836|SH1360334.10FU|reps|k__Eukaryota_kgd_Incertae_sedis;p__Eukaryota_phy_Incertae_sedis;c__Eukaryota_cls_Incertae_sedis;o__Eukaryota_ord_Incertae_sedis;f__Eukaryota_fam_Incertae_sedis;g__Eukaryota_gen_Incertae_sedis;s__Eukaryota_sp",94.352,301,15,2,1,300,150,449,2.71e-107,389,"Eukaryota_sp|UDB041836|SH1360334.10FU|reps|k__Eukaryota_kgd_Incertae_sedis;p__Eukaryota_phy_Incertae_sedis;c__Eukaryota_cls_Incertae_sedis;o__Eukaryota_ord_Incertae_sedis;f__Eukaryota_fam_Incertae_sedis;g__Eukaryota_gen_Incertae_sedis;s__Eukaryota_sp","Unclassified","Unclassified","Unclassified","Unclassified","Unclassified","Unclassified","Unclassified"
"4511c6ae6420214d3233a449573b4eed","Betamyces_sp|UDB01509681|SH1360330.10FU|reps|k__Fungi;p__Chytridiomycota;c__Rhizophydiomycetes;o__Rhizophydiales;f__Alphamycetaceae;g__Betamyces;s__Betamyces_sp",94.352,301,15,2,1,300,245,544,2.71e-107,389,"Betamyces_sp|UDB01509681|SH1360330.10FU|reps|k__Fungi;p__Chytridiomycota;c__Rhizophydiomycetes;o__Rhizophydiales;f__Alphamycetaceae;g__Betamyces;s__Betamyces_sp","Fungi","Chytridiomycota","Rhizophydiomycetes","Rhizophydiales","Alphamycetaceae","Betamyces","Unclassified"
"4511c6ae6420214d3233a449573b4eed","Betamyces_sp|UDB0220934|SH1360326.10FU|reps|k__Fungi;p__Chytridiomycota;c__Rhizophydiomycetes;o__Rhizophydiales;f__Alphamycetaceae;g__Betamyces;s__Betamyces_sp",94.371,302,13,4,1,300,245,544,5.79e-106,384,"Betamyces_sp|UDB0220934|SH1360326.10FU|reps|k__Fungi;p__Chytridiomycota;c__Rhizophydiomycetes;o__Rhizophydiales;f__Alphamycetaceae;g__Betamyces;s__Betamyces_sp","Fungi","Chytridiomycota","Rhizophydiomycetes","Rhizophydiales","Alphamycetaceae","Betamyces","Unclassified"
"4511c6ae6420214d3233a449573b4eed","Betamyces_sp|UDB0220452|SH1360316.10FU|reps|k__Fungi;p__Chytridiomycota;c__Rhizophydiomycetes;o__Rhizophydiales;f__Alphamycetaceae;g__Betamyces;s__Betamyces_sp",94.04,302,15,3,1,300,245,545,5.79e-106,384,"Betamyces_sp|UDB0220452|SH1360316.10FU|reps|k__Fungi;p__Chytridiomycota;c__Rhizophydiomycetes;o__Rhizophydiales;f__Alphamycetaceae;g__Betamyces;s__Betamyces_sp","Fungi","Chytridiomycota","Rhizophydiomycetes","Rhizophydiales","Alphamycetaceae","Betamyces","Unclassified"
"4511c6ae6420214d3233a449573b4eed","Betamyces_sp|UDB01509721|SH1360317.10FU|reps|k__Fungi;p__Chytridiomycota;c__Rhizophydiomycetes;o__Rhizophydiales;f__Alphamycetaceae;g__Betamyces;s__Betamyces_sp",93.355,301,18,2,1,300,245,544,1.23e-104,380,"Betamyces_sp|UDB01509721|SH1360317.10FU|reps|k__Fungi;p__Chytridiomycota;c__Rhizophydiomycetes;o__Rhizophydiales;f__Alphamycetaceae;g__Betamyces;s__Betamyces_sp","Fungi","Chytridiomycota","Rhizophydiomycetes","Rhizophydiales","Alphamycetaceae","Betamyces","Unclassified"
"94127162136c50efd9c774a9aed392cc","Fungi_sp|UDB0747536|SH0070486.10FU|reps_singleton|k__Fungi;p__Fungi_phy_Incertae_sedis;c__Fungi_cls_Incertae_sedis;o__Fungi_ord_Incertae_sedis;f__Fungi_fam_Incertae_sedis;g__Fungi_gen_Incertae_sedis;s__Fungi_sp",93.805,226,11,3,1,225,294,517,5.74e-76,284,"Fungi_sp|UDB0747536|SH0070486.10FU|reps_singleton|k__Fungi;p__Fungi_phy_Incertae_sedis;c__Fungi_cls_Incertae_sedis;o__Fungi_ord_Incertae_sedis;f__Fungi_fam_Incertae_sedis;g__Fungi_gen_Incertae_sedis;s__Fungi_sp","Fungi","Unclassified","Unclassified","Unclassified","Unclassified","Unclassified","Unclassified"
"94127162136c50efd9c774a9aed392cc","Helotiales_sp|KF983522|SH1407406.10FU|reps|k__Fungi;p__Ascomycota;c__Leotiomycetes;o__Helotiales;f__Helotiales_fam_Incertae_sedis;g__Helotiales_gen_Incertae_sedis;s__Helotiales_sp",92.92,226,12,4,1,225,299,521,2.61e-73,275,"Helotiales_sp|KF983522|SH1407406.10FU|reps|k__Fungi;p__Ascomycota;c__Leotiomycetes;o__Helotiales;f__Helotiales_fam_Incertae_sedis;g__Helotiales_gen_Incertae_sedis;s__Helotiales_sp","Fungi","Ascomycota","Leotiomycetes","Helotiales","Unclassified","Unclassified","Unclassified"
"94127162136c50efd9c774a9aed392cc","Fungi_sp|UDB0751151|SH1407411.10FU|reps|k__Fungi;p__Fungi_phy_Incertae_sedis;c__Fungi_cls_Incertae_sedis;o__Fungi_ord_Incertae_sedis;f__Fungi_fam_Incertae_sedis;g__Fungi_gen_Incertae_sedis;s__Fungi_sp",92.478,226,13,4,1,225,287,509,2.01e-72,273,"Fungi_sp|UDB0751151|SH1407411.10FU|reps|k__Fungi;p__Fungi_phy_Incertae_sedis;c__Fungi_cls_Incertae_sedis;o__Fungi_ord_Incertae_sedis;f__Fungi_fam_Incertae_sedis;g__Fungi_gen_Incertae_sedis;s__Fungi_sp","Fungi","Unclassified","Unclassified","Unclassified","Unclassified","Unclassified","Unclassified"
"94127162136c50efd9c774a9aed392cc","Ascomycota_sp|OP612942|SH1407409.10FU|reps|k__Fungi;p__Ascomycota;c__Ascomycota_cls_Incertae_sedis;o__Ascomycota_ord_Incertae_sedis;f__Ascomycota_fam_Incertae_sedis;g__Ascomycota_gen_Incertae_sedis;s__Ascomycota_sp",92.478,226,13,4,1,225,275,497,2.01e-72,273,"Ascomycota_sp|OP612942|SH1407409.10FU|reps|k__Fungi;p__Ascomycota;c__Ascomycota_cls_Incertae_sedis;o__Ascomycota_ord_Incertae_sedis;f__Ascomycota_fam_Incertae_sedis;g__Ascomycota_gen_Incertae_sedis;s__Ascomycota_sp","Fungi","Ascomycota","Unclassified","Unclassified","Unclassified","Unclassified","Unclassified"
"94127162136c50efd9c774a9aed392cc","Fungi_sp|UDB0751736|SH1187319.10FU|reps|k__Fungi;p__Fungi_phy_Incertae_sedis;c__Fungi_cls_Incertae_sedis;o__Fungi_ord_Incertae_sedis;f__Fungi_fam_Incertae_sedis;g__Fungi_gen_Incertae_sedis;s__Fungi_sp",91.556,225,16,3,1,225,288,509,4.28e-71,268,"Fungi_sp|UDB0751736|SH1187319.10FU|reps|k__Fungi;p__Fungi_phy_Incertae_sedis;c__Fungi_cls_Incertae_sedis;o__Fungi_ord_Incertae_sedis;f__Fungi_fam_Incertae_sedis;g__Fungi_gen_Incertae_sedis;s__Fungi_sp","Fungi","Unclassified","Unclassified","Unclassified","Unclassified","Unclassified","Unclassified"
"94127162136c50efd9c774a9aed392cc","Ascomycota_sp|KF639816|SH1407414.10FU|reps|k__Fungi;p__Ascomycota;c__Ascomycota_cls_Incertae_sedis;o__Ascomycota_ord_Incertae_sedis;f__Ascomycota_fam_Incertae_sedis;g__Ascomycota_gen_Incertae_sedis;s__Ascomycota_sp",91.189,227,15,5,1,225,266,489,2.53e-69,262,"Ascomycota_sp|KF639816|SH1407414.10FU|reps|k__Fungi;p__Ascomycota;c__Ascomycota_cls_Incertae_sedis;o__Ascomycota_ord_Incertae_sedis;f__Ascomycota_fam_Incertae_sedis;g__Ascomycota_gen_Incertae_sedis;s__Ascomycota_sp","Fungi","Ascomycota","Unclassified","Unclassified","Unclassified","Unclassified","Unclassified"
"94127162136c50efd9c774a9aed392cc","Helotiales_sp|JX043140|SH0193549.10FU|reps_singleton|k__Fungi;p__Ascomycota;c__Leotiomycetes;o__Helotiales;f__Helotiales_fam_Incertae_sedis;g__Helotiales_gen_Incertae_sedis;s__Helotiales_sp",90.667,225,17,4,1,224,292,513,1.95e-68,259,"Helotiales_sp|JX043140|SH0193549.10FU|reps_singleton|k__Fungi;p__Ascomycota;c__Leotiomycetes;o__Helotiales;f__Helotiales_fam_Incertae_sedis;g__Helotiales_gen_Incertae_sedis;s__Helotiales_sp","Fungi","Ascomycota","Leotiomycetes","Helotiales","Unclassified","Unclassified","Unclassified"
"94127162136c50efd9c774a9aed392cc","Botryosphaeriales_sp|JX136295|SH1407400.10FU|reps|k__Fungi;p__Ascomycota;c__Dothideomycetes;o__Botryosphaeriales;f__Botryosphaeriales_fam_Incertae_sedis;g__Botryosphaeriales_gen_Incertae_sedis;s__Botryosphaeriales_sp",90.308,227,17,5,1,226,285,507,1.5e-67,256,"Botryosphaeriales_sp|JX136295|SH1407400.10FU|reps|k__Fungi;p__Ascomycota;c__Dothideomycetes;o__Botryosphaeriales;f__Botryosphaeriales_fam_Incertae_sedis;g__Botryosphaeriales_gen_Incertae_sedis;s__Botryosphaeriales_sp","Fungi","Ascomycota","Dothideomycetes","Botryosphaeriales","Unclassified","Unclassified","Unclassified"
"94127162136c50efd9c774a9aed392cc","Fungi_sp|UDB0751887|SH1187321.10FU|reps|k__Fungi;p__Fungi_phy_Incertae_sedis;c__Fungi_cls_Incertae_sedis;o__Fungi_ord_Incertae_sedis;f__Fungi_fam_Incertae_sedis;g__Fungi_gen_Incertae_sedis;s__Fungi_sp",88.889,225,19,4,1,225,287,505,5.24e-64,245,"Fungi_sp|UDB0751887|SH1187321.10FU|reps|k__Fungi;p__Fungi_phy_Incertae_sedis;c__Fungi_cls_Incertae_sedis;o__Fungi_ord_Incertae_sedis;f__Fungi_fam_Incertae_sedis;g__Fungi_gen_Incertae_sedis;s__Fungi_sp","Fungi","Unclassified","Unclassified","Unclassified","Unclassified","Unclassified","Unclassified"
"94127162136c50efd9c774a9aed392cc","Melanops_castaneicola|MK203065|SH1702777.10FU|refs|k__Fungi;p__Ascomycota;c__Dothideomycetes;o__Botryosphaeriales;f__Melanopsaceae;g__Melanops;s__Melanops_castaneicola",82.246,276,40,7,1,273,312,581,1.12e-62,240,"Melanops_castaneicola|MK203065|SH1702777.10FU|refs|k__Fungi;p__Ascomycota;c__Dothideomycetes;o__Botryosphaeriales;f__Melanopsaceae;g__Melanops;s__Melanops_castaneicola","Fungi","Ascomycota","Dothideomycetes","Botryosphaeriales","Melanopsaceae","Melanops","Melanops castaneicola"
"c9f32c45006a8048908bc9893d90fc25","Coniochaeta_prunicola|GQ154540|SH1227902.10FU|refs|k__Fungi;p__Ascomycota;c__Sordariomycetes;o__Coniochaetales;f__Coniochaetaceae;g__Coniochaeta;s__Coniochaeta_prunicola",94.717,265,10,3,1,263,275,537,8.4e-93,340,"Coniochaeta_prunicola|GQ154540|SH1227902.10FU|refs|k__Fungi;p__Ascomycota;c__Sordariomycetes;o__Coniochaetales;f__Coniochaetaceae;g__Coniochaeta;s__Coniochaeta_prunicola","Fungi","Ascomycota","Sordariomycetes","Coniochaetales","Coniochaetaceae","Coniochaeta","Coniochaeta prunicola"
"c9f32c45006a8048908bc9893d90fc25","Coniochaeta_vineae|MN473469|SH1693144.10FU|refs|k__Fungi;p__Ascomycota;c__Sordariomycetes;o__Coniochaetales;f__Coniochaetaceae;g__Coniochaeta;s__Coniochaeta_vineae",97.131,244,6,1,1,244,254,496,6.46e-92,337,"Coniochaeta_vineae|MN473469|SH1693144.10FU|refs|k__Fungi;p__Ascomycota;c__Sordariomycetes;o__Coniochaetales;f__Coniochaetaceae;g__Coniochaeta;s__Coniochaeta_vineae","Fungi","Ascomycota","Sordariomycetes","Coniochaetales","Coniochaetaceae","Coniochaeta","Coniochaeta vineae"
"c9f32c45006a8048908bc9893d90fc25","Coniochaeta_sinensis|MW422269|SH1693036.10FU|refs_singleton|k__Fungi;p__Ascomycota;c__Sordariomycetes;o__Coniochaetales;f__Coniochaetaceae;g__Coniochaeta;s__Coniochaeta_sinensis",99.107,224,2,0,1,224,230,453,2.26e-88,325,"Coniochaeta_sinensis|MW422269|SH1693036.10FU|refs_singleton|k__Fungi;p__Ascomycota;c__Sordariomycetes;o__Coniochaetales;f__Coniochaetaceae;g__Coniochaeta;s__Coniochaeta_sinensis","Fungi","Ascomycota","Sordariomycetes","Coniochaetales","Coniochaetaceae","Coniochaeta","Coniochaeta sinensis"
"c9f32c45006a8048908bc9893d90fc25","Coniochaeta_mongoliae|MW077645|SH1692668.10FU|refs_singleton|k__Fungi;p__Ascomycota;c__Sordariomycetes;o__Coniochaetales;f__Coniochaetaceae;g__Coniochaeta;s__Coniochaeta_mongoliae",99.107,224,2,0,1,224,284,507,2.26e-88,325,"Coniochaeta_mongoliae|MW077645|SH1692668.10FU|refs_singleton|k__Fungi;p__Ascomycota;c__Sordariomycetes;o__Coniochaetales;f__Coniochaetaceae;g__Coniochaeta;s__Coniochaeta_mongoliae","Fungi","Ascomycota","Sordariomycetes","Coniochaetales","Coniochaetaceae","Coniochaeta","Coniochaeta mongoliae"
"c9f32c45006a8048908bc9893d90fc25","Coniochaeta_fasciculata|HE610336|SH1227911.10FU|refs|k__Fungi;p__Ascomycota;c__Sordariomycetes;o__Coniochaetales;f__Coniochaetaceae;g__Coniochaeta;s__Coniochaeta_fasciculata",99.103,223,2,0,1,223,268,490,6.27e-88,324,"Coniochaeta_fasciculata|HE610336|SH1227911.10FU|refs|k__Fungi;p__Ascomycota;c__Sordariomycetes;o__Coniochaetales;f__Coniochaetaceae;g__Coniochaeta;s__Coniochaeta_fasciculata","Fungi","Ascomycota","Sordariomycetes","Coniochaetales","Coniochaetaceae","Coniochaeta","Coniochaeta fasciculata"
"c9f32c45006a8048908bc9893d90fc25","Coniochaetaceae_sp|HQ660445|SH1228235.10FU|reps|k__Fungi;p__Ascomycota;c__Sordariomycetes;o__Coniochaetales;f__Coniochaetaceae;g__Coniochaetaceae_gen_Incertae_sedis;s__Coniochaetaceae_sp",98.222,225,3,1,1,224,274,498,3.71e-86,318,"Coniochaetaceae_sp|HQ660445|SH1228235.10FU|reps|k__Fungi;p__Ascomycota;c__Sordariomycetes;o__Coniochaetales;f__Coniochaetaceae;g__Coniochaetaceae_gen_Incertae_sedis;s__Coniochaetaceae_sp","Fungi","Ascomycota","Sordariomycetes","Coniochaetales","Coniochaetaceae","Unclassified","Unclassified"
"c9f32c45006a8048908bc9893d90fc25","Coniochaeta_sp|UDB04082379|SH1227929.10FU|reps|k__Fungi;p__Ascomycota;c__Sordariomycetes;o__Coniochaetales;f__Coniochaetaceae;g__Coniochaeta;s__Coniochaeta_sp",98.206,223,4,0,1,223,264,486,3.71e-86,318,"Coniochaeta_sp|UDB04082379|SH1227929.10FU|reps|k__Fungi;p__Ascomycota;c__Sordariomycetes;o__Coniochaetales;f__Coniochaetaceae;g__Coniochaeta;s__Coniochaeta_sp","Fungi","Ascomycota","Sordariomycetes","Coniochaetales","Coniochaetaceae","Coniochaeta","Unclassified"
"c9f32c45006a8048908bc9893d90fc25","Coniochaetaceae_sp|JQ760663|SH1227948.10FU|reps|k__Fungi;p__Ascomycota;c__Sordariomycetes;o__Coniochaetales;f__Coniochaetaceae;g__Coniochaetaceae_gen_Incertae_sedis;s__Coniochaetaceae_sp",97.768,224,5,0,1,224,270,493,1.03e-85,317,"Coniochaetaceae_sp|JQ760663|SH1227948.10FU|reps|k__Fungi;p__Ascomycota;c__Sordariomycetes;o__Coniochaetales;f__Coniochaetaceae;g__Coniochaetaceae_gen_Incertae_sedis;s__Coniochaetaceae_sp","Fungi","Ascomycota","Sordariomycetes","Coniochaetales","Coniochaetaceae","Unclassified","Unclassified"
"c9f32c45006a8048908bc9893d90fc25","Coniochaeta_sp|UDB04076941|SH1228240.10FU|reps|k__Fungi;p__Ascomycota;c__Sordariomycetes;o__Coniochaetales;f__Coniochaetaceae;g__Coniochaeta;s__Coniochaeta_sp",97.758,223,5,0,1,223,264,486,2.85e-85,315,"Coniochaeta_sp|UDB04076941|SH1228240.10FU|reps|k__Fungi;p__Ascomycota;c__Sordariomycetes;o__Coniochaetales;f__Coniochaetaceae;g__Coniochaeta;s__Coniochaeta_sp","Fungi","Ascomycota","Sordariomycetes","Coniochaetales","Coniochaetaceae","Coniochaeta","Unclassified"
"c9f32c45006a8048908bc9893d90fc25","Coniochaeta_sp|UDB04082748|SH1228231.10FU|reps|k__Fungi;p__Ascomycota;c__Sordariomycetes;o__Coniochaetales;f__Coniochaetaceae;g__Coniochaeta;s__Coniochaeta_sp",97.758,223,5,0,1,223,266,488,2.85e-85,315,"Coniochaeta_sp|UDB04082748|SH1228231.10FU|reps|k__Fungi;p__Ascomycota;c__Sordariomycetes;o__Coniochaetales;f__Coniochaetaceae;g__Coniochaeta;s__Coniochaeta_sp","Fungi","Ascomycota","Sordariomycetes","Coniochaetales","Coniochaetaceae","Coniochaeta","Unclassified"
"68393f493dc12adb0fe5b5917548432e","Pezicula_ericae|AY540126|SH1317812.10FU|refs|k__Fungi;p__Ascomycota;c__Leotiomycetes;o__Helotiales;f__Dermateaceae;g__Pezicula;s__Pezicula_ericae",87.687,268,29,4,1,265,325,591,7.07e-77,287,"Pezicula_ericae|AY540126|SH1317812.10FU|refs|k__Fungi;p__Ascomycota;c__Leotiomycetes;o__Helotiales;f__Dermateaceae;g__Pezicula;s__Pezicula_ericae","Fungi","Ascomycota","Leotiomycetes","Helotiales","Dermateaceae","Pezicula","Pezicula ericae"
"68393f493dc12adb0fe5b5917548432e","Darkera_picea|KM108370|SH1309231.10FU|refs|k__Fungi;p__Ascomycota;c__Leotiomycetes;o__Phacidiales;f__Phacidiaceae;g__Darkera;s__Darkera_picea",86.989,269,31,3,1,265,313,581,5.44e-76,284,"Darkera_picea|KM108370|SH1309231.10FU|refs|k__Fungi;p__Ascomycota;c__Leotiomycetes;o__Phacidiales;f__Phacidiaceae;g__Darkera;s__Darkera_picea","Fungi","Ascomycota","Leotiomycetes","Phacidiales","Phacidiaceae","Darkera","Darkera picea"
"68393f493dc12adb0fe5b5917548432e","Hyaloscyphaceae_sp|FJ475732|SH1256005.10FU|refs|k__Fungi;p__Ascomycota;c__Leotiomycetes;o__Helotiales;f__Hyaloscyphaceae;g__Hyaloscyphaceae_gen_Incertae_sedis;s__Hyaloscyphaceae_sp",85.874,269,34,3,1,265,316,584,2.47e-73,275,"Hyaloscyphaceae_sp|FJ475732|SH1256005.10FU|refs|k__Fungi;p__Ascomycota;c__Leotiomycetes;o__Helotiales;f__Hyaloscyphaceae;g__Hyaloscyphaceae_gen_Incertae_sedis;s__Hyaloscyphaceae_sp","Fungi","Ascomycota","Leotiomycetes","Helotiales","Hyaloscyphaceae","Unclassified","Unclassified"
"68393f493dc12adb0fe5b5917548432e","Chlorociboria_aeruginosa|JX843710|SH1310167.10FU|refs|k__Fungi;p__Ascomycota;c__Leotiomycetes;o__Helotiales;f__Chlorociboriaceae;g__Chlorociboria;s__Chlorociboria_aeruginosa",86.154,260,34,1,1,260,255,512,6.86e-73,274,"Chlorociboria_aeruginosa|JX843710|SH1310167.10FU|refs|k__Fungi;p__Ascomycota;c__Leotiomycetes;o__Helotiales;f__Chlorociboriaceae;g__Chlorociboria;s__Chlorociboria_aeruginosa","Fungi","Ascomycota","Leotiomycetes","Helotiales","Chlorociboriaceae","Chlorociboria","Chlorociboria aeruginosa"
"68393f493dc12adb0fe5b5917548432e","Hyaloscyphaceae_sp|FJ475646|SH1255638.10FU|refs|k__Fungi;p__Ascomycota;c__Leotiomycetes;o__Helotiales;f__Hyaloscyphaceae;g__Hyaloscyphaceae_gen_Incertae_sedis;s__Hyaloscyphaceae_sp",85.926,270,32,4,1,265,318,586,1.9e-72,273,"Hyaloscyphaceae_sp|FJ475646|SH1255638.10FU|refs|k__Fungi;p__Ascomycota;c__Leotiomycetes;o__Helotiales;f__Hyaloscyphaceae;g__Hyaloscyphaceae_gen_Incertae_sedis;s__Hyaloscyphaceae_sp","Fungi","Ascomycota","Leotiomycetes","Helotiales","Hyaloscyphaceae","Unclassified","Unclassified"
"68393f493dc12adb0fe5b5917548432e","Ramoconidiophora_euphorbiae|MG592739|SH1296212.10FU|refs|k__Fungi;p__Ascomycota;c__Leotiomycetes;o__Leotiales;f__Tympanidaceae;g__Ramoconidiophora;s__Ramoconidiophora_euphorbiae",87.843,255,26,5,1,252,264,516,5.27e-72,271,"Ramoconidiophora_euphorbiae|MG592739|SH1296212.10FU|refs|k__Fungi;p__Ascomycota;c__Leotiomycetes;o__Leotiales;f__Tympanidaceae;g__Ramoconidiophora;s__Ramoconidiophora_euphorbiae","Fungi","Ascomycota","Leotiomycetes","Leotiales","Tympanidaceae","Ramoconidiophora","Ramoconidiophora euphorbiae"
"68393f493dc12adb0fe5b5917548432e","Collophorina_rubra|GQ154547|SH1296137.10FU|refs|k__Fungi;p__Ascomycota;c__Leotiomycetes;o__Leotiales;f__Tympanidaceae;g__Collophorina;s__Collophorina_rubra",87.984,258,24,6,1,252,266,522,5.27e-72,271,"Collophorina_rubra|GQ154547|SH1296137.10FU|refs|k__Fungi;p__Ascomycota;c__Leotiomycetes;o__Leotiales;f__Tympanidaceae;g__Collophorina;s__Collophorina_rubra","Fungi","Ascomycota","Leotiomycetes","Leotiales","Tympanidaceae","Collophorina","Collophorina rubra"
"68393f493dc12adb0fe5b5917548432e","Capturomyces_funiculosus|MK314552|SH1296159.10FU|refs|k__Fungi;p__Ascomycota;c__Leotiomycetes;o__Leotiales;f__Tympanidaceae;g__Capturomyces;s__Capturomyces_funiculosus",87.549,257,26,5,1,252,263,518,1.46e-71,270,"Capturomyces_funiculosus|MK314552|SH1296159.10FU|refs|k__Fungi;p__Ascomycota;c__Leotiomycetes;o__Leotiales;f__Tympanidaceae;g__Capturomyces;s__Capturomyces_funiculosus","Fungi","Ascomycota","Leotiomycetes","Leotiales","Tympanidaceae","Capturomyces","Capturomyces funiculosus"
"68393f493dc12adb0fe5b5917548432e","Fungi_sp|MT237019|SH0101750.10FU|reps_singleton|k__Fungi;p__Fungi_phy_Incertae_sedis;c__Fungi_cls_Incertae_sedis;o__Fungi_ord_Incertae_sedis;f__Fungi_fam_Incertae_sedis;g__Fungi_gen_Incertae_sedis;s__Fungi_sp",86.667,255,31,3,1,252,255,1,4.06e-71,268,"Fungi_sp|MT237019|SH0101750.10FU|reps_singleton|k__Fungi;p__Fungi_phy_Incertae_sedis;c__Fungi_cls_Incertae_sedis;o__Fungi_ord_Incertae_sedis;f__Fungi_fam_Incertae_sedis;g__Fungi_gen_Incertae_sedis;s__Fungi_sp","Fungi","Unclassified","Unclassified","Unclassified","Unclassified","Unclassified","Unclassified"
"68393f493dc12adb0fe5b5917548432e","Fungi_sp|MT237019|SH0101750.10FU|reps_singleton|k__Fungi;p__Fungi_phy_Incertae_sedis;c__Fungi_cls_Incertae_sedis;o__Fungi_ord_Incertae_sedis;f__Fungi_fam_Incertae_sedis;g__Fungi_gen_Incertae_sedis;s__Fungi_sp",84.906,212,30,2,1,210,586,797,9.96e-55,214,"Fungi_sp|MT237019|SH0101750.10FU|reps_singleton|k__Fungi;p__Fungi_phy_Incertae_sedis;c__Fungi_cls_Incertae_sedis;o__Fungi_ord_Incertae_sedis;f__Fungi_fam_Incertae_sedis;g__Fungi_gen_Incertae_sedis;s__Fungi_sp","Fungi","Unclassified","Unclassified","Unclassified","Unclassified","Unclassified","Unclassified"
"68393f493dc12adb0fe5b5917548432e","Gloeopycnis_protuberans|KY633514|SH1787033.10FU|refs|k__Fungi;p__Ascomycota;c__Leotiomycetes;o__Phacidiales;f__Phacidiaceae;g__Gloeopycnis;s__Gloeopycnis_protuberans",85.502,269,31,5,1,264,305,570,8.65e-70,264,"Gloeopycnis_protuberans|KY633514|SH1787033.10FU|refs|k__Fungi;p__Ascomycota;c__Leotiomycetes;o__Phacidiales;f__Phacidiaceae;g__Gloeopycnis;s__Gloeopycnis_protuberans","Fungi","Ascomycota","Leotiomycetes","Phacidiales","Phacidiaceae","Gloeopycnis","Gloeopycnis protuberans"
"cbf21fbcf4a991e34023abe8e85285e3","Barnettozyma_sp|KY102234|SH1394831.10FU|reps|k__Fungi;p__Ascomycota;c__Saccharomycetes;o__Saccharomycetales;f__Phaffomycetaceae;g__Barnettozyma;s__Barnettozyma_sp",100,237,0,0,1,237,233,469,7.01e-96,351,"Barnettozyma_sp|KY102234|SH1394831.10FU|reps|k__Fungi;p__Ascomycota;c__Saccharomycetes;o__Saccharomycetales;f__Phaffomycetaceae;g__Barnettozyma;s__Barnettozyma_sp","Fungi","Ascomycota","Saccharomycetes","Saccharomycetales","Phaffomycetaceae","Barnettozyma","Unclassified"
"cbf21fbcf4a991e34023abe8e85285e3","Barnettozyma_sp|DQ249194|SH1394833.10FU|refs|k__Fungi;p__Ascomycota;c__Saccharomycetes;o__Saccharomycetales;f__Phaffomycetaceae;g__Barnettozyma;s__Barnettozyma_sp",99.58,238,0,1,1,237,240,477,1.49e-94,346,"Barnettozyma_sp|DQ249194|SH1394833.10FU|refs|k__Fungi;p__Ascomycota;c__Saccharomycetes;o__Saccharomycetales;f__Phaffomycetaceae;g__Barnettozyma;s__Barnettozyma_sp","Fungi","Ascomycota","Saccharomycetes","Saccharomycetales","Phaffomycetaceae","Barnettozyma","Unclassified"
"cbf21fbcf4a991e34023abe8e85285e3","Candida_norvegica|KM519637|SH0187048.10FU|reps_singleton|k__Fungi;p__Ascomycota;c__Saccharomycetes;o__Saccharomycetales;f__Saccharomycetales_fam_Incertae_sedis;g__Candida;s__Candida_norvegica",95.781,237,7,1,1,237,192,425,3e-85,315,"Candida_norvegica|KM519637|SH0187048.10FU|reps_singleton|k__Fungi;p__Ascomycota;c__Saccharomycetes;o__Saccharomycetales;f__Saccharomycetales_fam_Incertae_sedis;g__Candida;s__Candida_norvegica","Fungi","Ascomycota","Saccharomycetes","Saccharomycetales","Unclassified","Candida","Candida norvegica"
"cbf21fbcf4a991e34023abe8e85285e3","Barnettozyma_sp|MW894782|SH1394834.10FU|reps|k__Fungi;p__Ascomycota;c__Saccharomycetes;o__Saccharomycetales;f__Phaffomycetaceae;g__Barnettozyma;s__Barnettozyma_sp",95.359,237,8,1,1,237,219,452,2.31e-84,312,"Barnettozyma_sp|MW894782|SH1394834.10FU|reps|k__Fungi;p__Ascomycota;c__Saccharomycetes;o__Saccharomycetales;f__Phaffomycetaceae;g__Barnettozyma;s__Barnettozyma_sp","Fungi","Ascomycota","Saccharomycetes","Saccharomycetales","Phaffomycetaceae","Barnettozyma","Unclassified"
"cbf21fbcf4a991e34023abe8e85285e3","Candida_norvegica|KF057559|SH1394832.10FU|reps|k__Fungi;p__Ascomycota;c__Saccharomycetes;o__Saccharomycetales;f__Saccharomycetales_fam_Incertae_sedis;g__Candida;s__Candida_norvegica",94.979,239,9,1,1,239,231,466,2.31e-84,312,"Candida_norvegica|KF057559|SH1394832.10FU|reps|k__Fungi;p__Ascomycota;c__Saccharomycetes;o__Saccharomycetales;f__Saccharomycetales_fam_Incertae_sedis;g__Candida;s__Candida_norvegica","Fungi","Ascomycota","Saccharomycetes","Saccharomycetales","Unclassified","Candida","Candida norvegica"
"cbf21fbcf4a991e34023abe8e85285e3","Kuraishia_piskuri|KM065941|SH1054247.10FU|refs|k__Fungi;p__Ascomycota;c__Saccharomycetes;o__Saccharomycetales;f__Pichiaceae;g__Kuraishia;s__Kuraishia_piskuri",73.463,309,62,11,1,289,355,663,2.15e-41,170,"Kuraishia_piskuri|KM065941|SH1054247.10FU|refs|k__Fungi;p__Ascomycota;c__Saccharomycetes;o__Saccharomycetales;f__Pichiaceae;g__Kuraishia;s__Kuraishia_piskuri","Fungi","Ascomycota","Saccharomycetes","Saccharomycetales","Pichiaceae","Kuraishia","Kuraishia piskuri"
"cbf21fbcf4a991e34023abe8e85285e3","Barnettozyma_sp|AY450917|SH1195615.10FU|refs|k__Fungi;p__Ascomycota;c__Saccharomycetes;o__Saccharomycetales;f__Phaffomycetaceae;g__Barnettozyma;s__Barnettozyma_sp",79.787,188,26,6,1,186,233,410,1.55e-32,140,"Barnettozyma_sp|AY450917|SH1195615.10FU|refs|k__Fungi;p__Ascomycota;c__Saccharomycetes;o__Saccharomycetales;f__Phaffomycetaceae;g__Barnettozyma;s__Barnettozyma_sp","Fungi","Ascomycota","Saccharomycetes","Saccharomycetales","Phaffomycetaceae","Barnettozyma","Unclassified"
"cbf21fbcf4a991e34023abe8e85285e3","Barnettozyma_pratensis|KY101732|SH1195617.10FU|refs|k__Fungi;p__Ascomycota;c__Saccharomycetes;o__Saccharomycetales;f__Phaffomycetaceae;g__Barnettozyma;s__Barnettozyma_pratensis",79.255,188,27,6,1,186,227,404,1.2e-31,137,"Barnettozyma_pratensis|KY101732|SH1195617.10FU|refs|k__Fungi;p__Ascomycota;c__Saccharomycetes;o__Saccharomycetales;f__Phaffomycetaceae;g__Barnettozyma;s__Barnettozyma_pratensis","Fungi","Ascomycota","Saccharomycetes","Saccharomycetales","Phaffomycetaceae","Barnettozyma","Barnettozyma pratensis"
"cbf21fbcf4a991e34023abe8e85285e3","Alloascoidea_sp|OR498906|SH0202001.10FU|reps_singleton|k__Fungi;p__Ascomycota;c__Saccharomycetes;o__Saccharomycetales;f__Alloascoideaceae;g__Alloascoidea;s__Alloascoidea_sp",95.876,97,4,0,1,97,202,298,2.55e-30,133,"Alloascoidea_sp|OR498906|SH0202001.10FU|reps_singleton|k__Fungi;p__Ascomycota;c__Saccharomycetes;o__Saccharomycetales;f__Alloascoideaceae;g__Alloascoidea;s__Alloascoidea_sp","Fungi","Ascomycota","Saccharomycetes","Saccharomycetales","Alloascoideaceae","Alloascoidea","Unclassified"
"cbf21fbcf4a991e34023abe8e85285e3","Saccharomycetales_sp|UDB06310754|SH0215218.10FU|reps_singleton|k__Fungi;p__Ascomycota;c__Saccharomycetes;o__Saccharomycetales;f__Saccharomycetales_fam_Incertae_sedis;g__Saccharomycetales_gen_Incertae_sedis;s__Saccharomycetales_sp",71.849,238,58,8,1,236,243,473,1.96e-29,130,"Saccharomycetales_sp|UDB06310754|SH0215218.10FU|reps_singleton|k__Fungi;p__Ascomycota;c__Saccharomycetes;o__Saccharomycetales;f__Saccharomycetales_fam_Incertae_sedis;g__Saccharomycetales_gen_Incertae_sedis;s__Saccharomycetales_sp","Fungi","Ascomycota","Saccharomycetes","Saccharomycetales","Unclassified","Unclassified","Unclassified"
"5eb519d468e41551ef420125c81c98ec","Derxomyces_longicylindricus|MK050300|SH1218011.10FU|refs|k__Fungi;p__Basidiomycota;c__Tremellomycetes;o__Tremellales;f__Bulleribasidiaceae;g__Derxomyces;s__Derxomyces_longicylindricus",87.454,271,24,7,1,269,2027,2289,2.52e-73,275,"Derxomyces_longicylindricus|MK050300|SH1218011.10FU|refs|k__Fungi;p__Basidiomycota;c__Tremellomycetes;o__Tremellales;f__Bulleribasidiaceae;g__Derxomyces;s__Derxomyces_longicylindricus","Fungi","Basidiomycota","Tremellomycetes","Tremellales","Bulleribasidiaceae","Derxomyces","Derxomyces longicylindricus"
"5eb519d468e41551ef420125c81c98ec","Derxomyces_hainanensis|EU517056|SH1234238.10FU|refs|k__Fungi;p__Basidiomycota;c__Tremellomycetes;o__Tremellales;f__Bulleribasidiaceae;g__Derxomyces;s__Derxomyces_hainanensis",88.129,278,18,12,1,269,2047,2318,6.99e-73,274,"Derxomyces_hainanensis|EU517056|SH1234238.10FU|refs|k__Fungi;p__Basidiomycota;c__Tremellomycetes;o__Tremellales;f__Bulleribasidiaceae;g__Derxomyces;s__Derxomyces_hainanensis","Fungi","Basidiomycota","Tremellomycetes","Tremellales","Bulleribasidiaceae","Derxomyces","Derxomyces hainanensis"
"5eb519d468e41551ef420125c81c98ec","Derxomyces_bambusicola|HQ890376|SH0088551.10FU|refs_singleton|k__Fungi;p__Basidiomycota;c__Tremellomycetes;o__Tremellales;f__Bulleribasidiaceae;g__Derxomyces;s__Derxomyces_bambusicola",91.324,219,12,3,1,214,220,436,1.11e-66,253,"Derxomyces_bambusicola|HQ890376|SH0088551.10FU|refs_singleton|k__Fungi;p__Basidiomycota;c__Tremellomycetes;o__Tremellales;f__Bulleribasidiaceae;g__Derxomyces;s__Derxomyces_bambusicola","Fungi","Basidiomycota","Tremellomycetes","Tremellales","Bulleribasidiaceae","Derxomyces","Derxomyces bambusicola"
"5eb519d468e41551ef420125c81c98ec","Derxomyces_pseudoschimicola|AF314979|SH1196822.10FU|refs|k__Fungi;p__Basidiomycota;c__Tremellomycetes;o__Tremellales;f__Bulleribasidiaceae;g__Derxomyces;s__Derxomyces_pseudoschimicola",86.42,243,26,6,1,238,297,537,1.4e-63,243,"Derxomyces_pseudoschimicola|AF314979|SH1196822.10FU|refs|k__Fungi;p__Basidiomycota;c__Tremellomycetes;o__Tremellales;f__Bulleribasidiaceae;g__Derxomyces;s__Derxomyces_pseudoschimicola","Fungi","Basidiomycota","Tremellomycetes","Tremellales","Bulleribasidiaceae","Derxomyces","Derxomyces pseudoschimicola"
"5eb519d468e41551ef420125c81c98ec","Derxomyces_nakasei|AY487565|SH1234263.10FU|refs|k__Fungi;p__Basidiomycota;c__Tremellomycetes;o__Tremellales;f__Bulleribasidiaceae;g__Derxomyces;s__Derxomyces_nakasei",91.905,210,7,8,1,203,262,468,6.38e-61,234,"Derxomyces_nakasei|AY487565|SH1234263.10FU|refs|k__Fungi;p__Basidiomycota;c__Tremellomycetes;o__Tremellales;f__Bulleribasidiaceae;g__Derxomyces;s__Derxomyces_nakasei","Fungi","Basidiomycota","Tremellomycetes","Tremellales","Bulleribasidiaceae","Derxomyces","Derxomyces nakasei"
"5eb519d468e41551ef420125c81c98ec","Derxomyces_sp|OM014130|SH1234253.10FU|reps|k__Fungi;p__Basidiomycota;c__Tremellomycetes;o__Tremellales;f__Bulleribasidiaceae;g__Derxomyces;s__Derxomyces_sp",91.905,210,7,8,1,203,273,479,6.38e-61,234,"Derxomyces_sp|OM014130|SH1234253.10FU|reps|k__Fungi;p__Basidiomycota;c__Tremellomycetes;o__Tremellales;f__Bulleribasidiaceae;g__Derxomyces;s__Derxomyces_sp","Fungi","Basidiomycota","Tremellomycetes","Tremellales","Bulleribasidiaceae","Derxomyces","Unclassified"
"5eb519d468e41551ef420125c81c98ec","Derxomyces_xingshanicus|MK050308|SH1701542.10FU|refs_singleton|k__Fungi;p__Basidiomycota;c__Tremellomycetes;o__Tremellales;f__Bulleribasidiaceae;g__Derxomyces;s__Derxomyces_xingshanicus",91.827,208,7,7,1,203,259,461,1.77e-60,233,"Derxomyces_xingshanicus|MK050308|SH1701542.10FU|refs_singleton|k__Fungi;p__Basidiomycota;c__Tremellomycetes;o__Tremellales;f__Bulleribasidiaceae;g__Derxomyces;s__Derxomyces_xingshanicus","Fungi","Basidiomycota","Tremellomycetes","Tremellales","Bulleribasidiaceae","Derxomyces","Derxomyces xingshanicus"
"5eb519d468e41551ef420125c81c98ec","Derxomyces_pseudoboekhoutii|MK050310|SH1234246.10FU|refs|k__Fungi;p__Basidiomycota;c__Tremellomycetes;o__Tremellales;f__Bulleribasidiaceae;g__Derxomyces;s__Derxomyces_pseudoboekhoutii",91.388,209,8,8,1,203,269,473,1.36e-59,230,"Derxomyces_pseudoboekhoutii|MK050310|SH1234246.10FU|refs|k__Fungi;p__Basidiomycota;c__Tremellomycetes;o__Tremellales;f__Bulleribasidiaceae;g__Derxomyces;s__Derxomyces_pseudoboekhoutii","Fungi","Basidiomycota","Tremellomycetes","Tremellales","Bulleribasidiaceae","Derxomyces","Derxomyces pseudoboekhoutii"
"5eb519d468e41551ef420125c81c98ec","Derxomyces_huiaensis|AB022931|SH1234236.10FU|refs|k__Fungi;p__Basidiomycota;c__Tremellomycetes;o__Tremellales;f__Bulleribasidiaceae;g__Derxomyces;s__Derxomyces_huiaensis",91.346,208,8,7,1,203,253,455,1.36e-59,230,"Derxomyces_huiaensis|AB022931|SH1234236.10FU|refs|k__Fungi;p__Basidiomycota;c__Tremellomycetes;o__Tremellales;f__Bulleribasidiaceae;g__Derxomyces;s__Derxomyces_huiaensis","Fungi","Basidiomycota","Tremellomycetes","Tremellales","Bulleribasidiaceae","Derxomyces","Derxomyces huiaensis"
"5eb519d468e41551ef420125c81c98ec","Derxomyces_boekhoutii|EU517057|SH1234265.10FU|refs|k__Fungi;p__Basidiomycota;c__Tremellomycetes;o__Tremellales;f__Bulleribasidiaceae;g__Derxomyces;s__Derxomyces_boekhoutii",90.187,214,11,8,1,208,263,472,3.77e-59,228,"Derxomyces_boekhoutii|EU517057|SH1234265.10FU|refs|k__Fungi;p__Basidiomycota;c__Tremellomycetes;o__Tremellales;f__Bulleribasidiaceae;g__Derxomyces;s__Derxomyces_boekhoutii","Fungi","Basidiomycota","Tremellomycetes","Tremellales","Bulleribasidiaceae","Derxomyces","Derxomyces boekhoutii"
"b6b03675ed56ad95e223cab49d1c2898","Lepiota_subincarnata|AY176491|SH1369192.10FU|refs|k__Fungi;p__Basidiomycota;c__Agaricomycetes;o__Agaricales;f__Agaricaceae;g__Lepiota;s__Lepiota_subincarnata",99.636,275,0,1,1,275,359,632,7.08e-111,401,"Lepiota_subincarnata|AY176491|SH1369192.10FU|refs|k__Fungi;p__Basidiomycota;c__Agaricomycetes;o__Agaricales;f__Agaricaceae;g__Lepiota;s__Lepiota_subincarnata","Fungi","Basidiomycota","Agaricomycetes","Agaricales","Agaricaceae","Lepiota","Lepiota subincarnata"
"b6b03675ed56ad95e223cab49d1c2898","Lepiota_sp|UDB023424|SH0173194.10FU|reps_singleton|k__Fungi;p__Basidiomycota;c__Agaricomycetes;o__Agaricales;f__Agaricaceae;g__Lepiota;s__Lepiota_sp",89.933,298,20,7,1,295,361,651,9.97e-89,327,"Lepiota_sp|UDB023424|SH0173194.10FU|reps_singleton|k__Fungi;p__Basidiomycota;c__Agaricomycetes;o__Agaricales;f__Agaricaceae;g__Lepiota;s__Lepiota_sp","Fungi","Basidiomycota","Agaricomycetes","Agaricales","Agaricaceae","Lepiota","Unclassified"
"b6b03675ed56ad95e223cab49d1c2898","Lepiota_sp|UDB02877108|SH1368945.10FU|reps|k__Fungi;p__Basidiomycota;c__Agaricomycetes;o__Agaricales;f__Agaricaceae;g__Lepiota;s__Lepiota_sp",91.007,278,16,5,1,274,350,622,1.26e-85,317,"Lepiota_sp|UDB02877108|SH1368945.10FU|reps|k__Fungi;p__Basidiomycota;c__Agaricomycetes;o__Agaricales;f__Agaricaceae;g__Lepiota;s__Lepiota_sp","Fungi","Basidiomycota","Agaricomycetes","Agaricales","Agaricaceae","Lepiota","Unclassified"
"b6b03675ed56ad95e223cab49d1c2898","Lepiota_venenata|MH107234|SH1191782.10FU|refs|k__Fungi;p__Basidiomycota;c__Agaricomycetes;o__Agaricales;f__Agaricaceae;g__Lepiota;s__Lepiota_venenata",90.357,280,17,6,1,274,376,651,7.44e-84,311,"Lepiota_venenata|MH107234|SH1191782.10FU|refs|k__Fungi;p__Basidiomycota;c__Agaricomycetes;o__Agaricales;f__Agaricaceae;g__Lepiota;s__Lepiota_venenata","Fungi","Basidiomycota","Agaricomycetes","Agaricales","Agaricaceae","Lepiota","Lepiota venenata"
"b6b03675ed56ad95e223cab49d1c2898","Lepiota_sp|UDB02877742|SH1368926.10FU|reps|k__Fungi;p__Basidiomycota;c__Agaricomycetes;o__Agaricales;f__Agaricaceae;g__Lepiota;s__Lepiota_sp",90.253,277,19,6,1,274,349,620,2.06e-83,309,"Lepiota_sp|UDB02877742|SH1368926.10FU|reps|k__Fungi;p__Basidiomycota;c__Agaricomycetes;o__Agaricales;f__Agaricaceae;g__Lepiota;s__Lepiota_sp","Fungi","Basidiomycota","Agaricomycetes","Agaricales","Agaricaceae","Lepiota","Unclassified"
"b6b03675ed56ad95e223cab49d1c2898","Lepiota_sp|UDB02876294|SH1368923.10FU|reps|k__Fungi;p__Basidiomycota;c__Agaricomycetes;o__Agaricales;f__Agaricaceae;g__Lepiota;s__Lepiota_sp",89.455,275,22,5,1,274,347,615,1.22e-81,303,"Lepiota_sp|UDB02876294|SH1368923.10FU|reps|k__Fungi;p__Basidiomycota;c__Agaricomycetes;o__Agaricales;f__Agaricaceae;g__Lepiota;s__Lepiota_sp","Fungi","Basidiomycota","Agaricomycetes","Agaricales","Agaricaceae","Lepiota","Unclassified"
"b6b03675ed56ad95e223cab49d1c2898","Lepiota_sp|UDB02879284|SH0173191.10FU|reps_singleton|k__Fungi;p__Basidiomycota;c__Agaricomycetes;o__Agaricales;f__Agaricaceae;g__Lepiota;s__Lepiota_sp",89.531,277,19,6,1,274,359,628,9.38e-81,300,"Lepiota_sp|UDB02879284|SH0173191.10FU|reps_singleton|k__Fungi;p__Basidiomycota;c__Agaricomycetes;o__Agaricales;f__Agaricaceae;g__Lepiota;s__Lepiota_sp","Fungi","Basidiomycota","Agaricomycetes","Agaricales","Agaricaceae","Lepiota","Unclassified"
"b6b03675ed56ad95e223cab49d1c2898","Lepiota_sp|JN224825|SH0173130.10FU|reps_singleton|k__Fungi;p__Basidiomycota;c__Agaricomycetes;o__Agaricales;f__Agaricaceae;g__Lepiota;s__Lepiota_sp",89.13,276,21,6,1,274,356,624,7.22e-80,298,"Lepiota_sp|JN224825|SH0173130.10FU|reps_singleton|k__Fungi;p__Basidiomycota;c__Agaricomycetes;o__Agaricales;f__Agaricaceae;g__Lepiota;s__Lepiota_sp","Fungi","Basidiomycota","Agaricomycetes","Agaricales","Agaricaceae","Lepiota","Unclassified"
"b6b03675ed56ad95e223cab49d1c2898","Lepiota_cinnamomea|OK159913|SH1191774.10FU|refs|k__Fungi;p__Basidiomycota;c__Agaricomycetes;o__Agaricales;f__Agaricaceae;g__Lepiota;s__Lepiota_cinnamomea",87.857,280,23,7,1,274,289,563,9.1e-77,287,"Lepiota_cinnamomea|OK159913|SH1191774.10FU|refs|k__Fungi;p__Basidiomycota;c__Agaricomycetes;o__Agaricales;f__Agaricaceae;g__Lepiota;s__Lepiota_cinnamomea","Fungi","Basidiomycota","Agaricomycetes","Agaricales","Agaricaceae","Lepiota","Lepiota cinnamomea"
"b6b03675ed56ad95e223cab49d1c2898","Lepiota_brunneosquamulosa|KP177195|SH1238372.10FU|refs|k__Fungi;p__Basidiomycota;c__Agaricomycetes;o__Agaricales;f__Agaricaceae;g__Lepiota;s__Lepiota_brunneosquamulosa",86.957,276,30,5,1,274,337,608,2.52e-76,286,"Lepiota_brunneosquamulosa|KP177195|SH1238372.10FU|refs|k__Fungi;p__Basidiomycota;c__Agaricomycetes;o__Agaricales;f__Agaricaceae;g__Lepiota;s__Lepiota_brunneosquamulosa","Fungi","Basidiomycota","Agaricomycetes","Agaricales","Agaricaceae","Lepiota","Lepiota brunneosquamulosa"
